{
 "input":{
   "file name":"/Users/sjspielman/hyphy-site/docs/tutorials/files/tutorial_data/hiv1_transmission_labeled.fna",
   "number of sequences":26,
   "number of sites":877,
   "partition count":1,
   "trees":{
     "0":"(0564_7,(((((0564_11,0564_4)Node6,(0564_1,(0564_21,0564_5)Node11)Node9)Node5,0564_17)Node4,((0564_13,(0564_15)Node18)Node16,((0564_22,0564_6)Node21,0564_3)Node20)Node15)Node3,0564_9)Node2,(((0557_24,0557_4,0557_2)Node28,0557_12)Node27,((0557_21,0557_6,0557_9,0557_11,0557_13,0557_26,(0557_5,0557_7)Node41)Node34,0557_25)Node33)Node26)"
    }
  },
 "fits":{
   "MG94xREV with separate rates for branch sets":{
     "Log Likelihood":-5436.213982277794,
     "estimated parameters":60,
     "AIC-c":10992.7498501367,
     "Rate Distributions":{
       "Reference":{
         "0":{
           "omega":0.8318823855954374,
           "proportion":1
          }
        },
       "Test":{
         "0":{
           "omega":0.8395340679777394,
           "proportion":1
          }
        }
      },
     "display order":0
    },
   "RELAX alternative":{
     "Log Likelihood":-5418.393747990022,
     "estimated parameters":64,
     "AIC-c":10965.15341936484,
     "Rate Distributions":{
       "Test":{
         "0":{
           "omega":0.004508401858059295,
           "proportion":0.7490424874433901
          },
         "1":{
           "omega":0.2554532079231742,
           "proportion":0.2072668546884461
          },
         "2":{
           "omega":18.19306380306355,
           "proportion":0.04369065786816384
          }
        },
       "Reference":{
         "0":{
           "omega":0.003795986610631943,
           "proportion":0.7490424874433901
          },
         "1":{
           "omega":0.2445905322404852,
           "proportion":0.2072668546884461
          },
         "2":{
           "omega":19.95364925753732,
           "proportion":0.04369065786816384
          }
        }
      },
     "display order":1
    },
   "RELAX null":{
     "Log Likelihood":-5418.423118780501,
     "estimated parameters":63,
     "AIC-c":10963.20088616686,
     "Rate Distributions":{
       "Test":{
         "0":{
           "omega":0.00107922063012973,
           "proportion":0.7490804181657593
          },
         "1":{
           "omega":0.2261038310718764,
           "proportion":0.207248175135485
          },
         "2":{
           "omega":19.91122271627359,
           "proportion":0.04367140669875565
          }
        },
       "Reference":{
         "0":{
           "omega":0.00107922063012973,
           "proportion":0.7490804181657593
          },
         "1":{
           "omega":0.2261038310718764,
           "proportion":0.207248175135485
          },
         "2":{
           "omega":19.91122271627359,
           "proportion":0.04367140669875565
          }
        }
      },
     "display order":2
    }
  },
 "timers":{
   "Overall":{
     "timer":152,
     "order":0
    },
   "Preliminary model fitting":{
     "timer":18,
     "order":1
    },
   "RELAX alternative model fitting":{
     "timer":100,
     "order":3
    },
   "RELAX null model fitting":{
     "timer":18,
     "order":4
    }
  },
 "test results":{
   "LRT":0.05874158095684834,
   "p-value":0.8084960928628401,
   "relaxation or intensification parameter":0.9691416906121143
  },
 "tested":{
   "0":{
     "0564_7":"Reference",
     "0564_11":"Reference",
     "0564_4":"Reference",
     "Node6":"Reference",
     "0564_1":"Reference",
     "0564_21":"Reference",
     "0564_5":"Reference",
     "Node11":"Reference",
     "Node9":"Reference",
     "Node5":"Reference",
     "0564_17":"Reference",
     "Node4":"Reference",
     "0564_13":"Reference",
     "0564_15":"Reference",
     "Node18":"Reference",
     "Node16":"Reference",
     "0564_22":"Reference",
     "0564_6":"Reference",
     "Node21":"Reference",
     "0564_3":"Reference",
     "Node20":"Reference",
     "Node15":"Reference",
     "Node3":"Reference",
     "0564_9":"Reference",
     "Node2":"Reference",
     "0557_24":"Test",
     "0557_4":"Test",
     "0557_2":"Test",
     "Node28":"Test",
     "0557_12":"Test",
     "Node27":"Test",
     "0557_21":"Test",
     "0557_6":"Test",
     "0557_9":"Test",
     "0557_11":"Test",
     "0557_13":"Test",
     "0557_26":"Test",
     "0557_5":"Test",
     "0557_7":"Test",
     "Node41":"Test",
     "Node34":"Test",
     "0557_25":"Test",
     "Node33":"Test",
     "Node26":"Reference"
    }
  },
 "data partitions":{
   "0":{
     "name":"relax.filter.default",